FID,LAD24CD,LAD24NM,LAD24NMW,BNG_E,BNG_N,LONG,LAT,Shape__Area,Shape__Length,GlobalID
1,E06000001,Hartlepool, ,447161,531473,-1.27017,54.67613,96609658.0322266,50746.5009184832,3f58aa35-9ea6-4001-a80f-8aab0e41313f
2,E06000002,Middlesbrough, ,451141,516887,-1.21099,54.54467,55230925.9235535,35500.2899879195,c5bc1c3e-111f-46db-8e41-362fbbc78d30
3,E06000003,Redcar and Cleveland, ,464330,519596,-1.00656,54.56752,248307582.508606,85068.788855966,29afa1cb-8719-44c2-9906-38bc7bae2981
4,E06000004,Stockton-on-Tees, ,444940,518179,-1.30664,54.55687,205176021.510757,88841.9934713387,8ebb86c0-86bb-466e-ae7e-a832eeb755ff
5,E06000005,Darlington, ,428029,515648,-1.56835,54.53534,198236890.87088,90977.686391216,bf2173db-02e1-4b58-9617-e775100f58ec
6,E06000006,Halton, ,354246,382146,-2.68853,53.33424,80380640.6577301,67017.0442134404,ddd614c5-f413-45dd-8a69-ac621d2967d8
7,E06000007,Warrington, ,362744,388457,-2.56167,53.39164,178558338.844109,72259.4892197025,22f7144c-05cf-40ad-8ae3-a8c32204beea
8,E06000008,Blackburn with Darwen, ,369489,422806,-2.46361,53.7008,139459841.099991,55078.4228759584,919d8186-050c-447d-9deb-e4e8946f4750
9,E06000009,Blackpool, ,332817,436635,-3.02202,53.82164,33580097.3350372,29869.587982883,63773c58-2081-460c-b980-97388b32a248
10,E06000010,"Kingston upon Hull, City of", ,511892,431651,-0.30385,53.76921,70864418.9696198,40935.3092171602,fdd41c18-f2c5-4fbd-a240-bd7c4f344c0a
11,E06000011,East Riding of Yorkshire, ,488056,443597,-0.66195,53.88112,2407197673.42442,344813.919435326,83650e5a-03de-4bf7-aa40-a32fcd77b9af
12,E06000012,North East Lincolnshire, ,523465,404564,-0.13911,53.52327,190584874.035233,78307.1240046274,f01b6dea-6495-41d6-bacd-7a49b8780de4
13,E06000013,North Lincolnshire, ,497800,410993,-0.52407,53.58643,849076821.838409,183045.192431731,9c8159f5-04f7-48ed-9bbc-97c827f8a7ed
14,E06000014,York, ,460863,452590,-1.07376,53.96583,274859577.356049,84097.2994135012,ceaa0b43-7063-4238-8ed7-4a0ffc601f45
15,E06000015,Derby, ,435611,335375,-1.47186,52.91464,78263996.6432495,40192.935493679,ac9823fe-ffe5-4f6e-978e-6a841264b6bf
16,E06000016,Leicester, ,458946,304594,-1.1304,52.63592,73578513.6367722,40836.0918690343,c8cadc27-7da7-4ca2-802a-04828ed442dd
17,E06000017,Rutland, ,492992,308655,-0.6263,52.66765,391226387.94873,96490.9151440186,5d18fe53-e30d-4bb2-975e-47c220f9a789
18,E06000018,Nottingham, ,456082,339970,-1.16667,52.9542,75902564.0966949,49587.9722961686,f236450c-9be6-4372-a53a-e70b2bf6bd04
19,E06000019,"Herefordshire, County of", ,349434,242842,-2.73931,52.08162,2180498643.00294,285477.625836265,fe338083-711c-43a7-a593-e5e0ed4239f0
20,E06000020,Telford and Wrekin, ,367035,313057,-2.48941,52.71417,291774659.556938,93581.7295019654,57516615-faa2-4752-b9f1-a9ce146857e4
21,E06000021,Stoke-on-Trent, ,389438,346650,-2.15888,53.01706,92984992.6175232,51328.380975671,7a1bbebb-792e-4114-ab89-edd97230e841
22,E06000022,Bath and North East Somerset, ,366215,161999,-2.48657,51.35604,348634061.161243,107032.094592386,d39b22b4-89b8-4cdc-a6ea-e518a292b09c
23,E06000023,"Bristol, City of", ,359990,174844,-2.57742,51.47113,111171802.175953,75333.8537448843,e4dc7fab-fd57-453f-8de9-d913dc26fd44
24,E06000024,North Somerset, ,347614,166718,-2.75438,51.39706,373598414.155891,114548.765645112,ce09c636-bab0-4fd4-8c00-5d5834e296e4
25,E06000025,South Gloucestershire, ,367556,183197,-2.46926,51.54672,500440999.862251,114738.652410713,f2d26686-1792-4624-8c91-8bfd9802bc6b
26,E06000026,Plymouth, ,249945,58255,-4.11297,50.40494,81941932.7124815,56032.1335849131,b6a61e53-6bad-4b6e-9484-5b6256da6c83
27,E06000027,Torbay, ,289730,64613,-3.55523,50.47092,65451162.0508461,55431.8486268195,fb914f12-3aca-47d9-beb4-44fac4125fa5
28,E06000030,Swindon, ,418550,186565,-1.73369,51.57764,227705224.924774,83694.7357866074,ae777cb6-9f5d-4027-b1c7-9a99a65a0a5e
29,E06000031,Peterborough, ,517372,300777,-0.26874,52.59214,341522886.914047,97197.3576516278,622ec1f3-fa2e-40fc-b2a2-481797f2b900
30,E06000032,Luton, ,508606,222559,-0.42319,51.89102,44071111.1285782,30777.420869764,836dbe58-528d-4c96-9d72-04c440a3eced
31,E06000033,Southend-on-Sea, ,587777,186837,0.706923,51.54917,44700956.3147354,36510.7026301174,776bd661-aae0-4d96-a420-5ce4d802720d
32,E06000034,Thurrock, ,562124,181588,0.334874,51.50996,161565237.677841,73520.5981092993,810429fd-c881-4590-8d4a-1da216950c3d
33,E06000035,Medway, ,578207,175198,0.563174,51.44772,190701602.021233,115776.949242284,ecfed2b8-a53d-4556-8d66-6e6aa0cb7bcb
34,E06000036,Bracknell Forest, ,488168,168791,-0.73364,51.41129,108239293.120392,57919.7905038733,c285eb8b-029e-45c5-bae3-75b47ff914dd
35,E06000037,West Berkshire, ,450573,172095,-1.27367,51.44559,701196226.296654,143133.138396136,69e68343-fb29-4647-805d-f15fc169116d
36,E06000038,Reading, ,470223,173153,-0.99075,51.45301,41097551.0596695,31042.9770301867,0f9c7624-cbb6-4757-9c48-3a50361d6348
37,E06000039,Slough, ,498920,179246,-0.57617,51.5035,32188270.7861557,36996.6002942328,fa8ba6d0-10ad-4ba0-95b0-89cb65ecf51b
38,E06000040,Windsor and Maidenhead, ,492079,176541,-0.67541,51.48034,197830118.332253,102773.486175635,4040dd37-d1ca-495e-ab06-c5ac0421a81b
39,E06000041,Wokingham, ,476624,169903,-0.89935,51.42296,179381694.019806,76405.8372774303,e95481e9-1b59-4700-9d00-4ad1bf53545d
40,E06000042,Milton Keynes, ,486408,242308,-0.7407,52.07241,309296512.486816,87914.8544059525,0a81ba8c-c69c-45c0-a076-1db428261ec4
41,E06000043,Brighton and Hove, ,530278,106850,-0.15081,50.8465,85559374.1986351,48488.3855058607,99ce9331-1480-4056-ac9e-3e5076336221
42,E06000044,Portsmouth, ,465619,101352,-1.07006,50.808,38569006.6620598,54669.2277980727,39ac44d2-69ae-4b5b-88ab-6ad0fb7abb96
43,E06000045,Southampton, ,442303,113700,-1.39952,50.9212,51630345.7373047,37973.1530773138,9d259a04-a4b0-4fff-b40e-7e59a243234f
44,E06000046,Isle of Wight, ,447183,85949,-1.33366,50.67129,379658930.696918,114591.275881629,075a2309-162e-4b46-a97e-32e7a5918f91
45,E06000047,County Durham, ,410383,532242,-1.84047,54.68513,2231287862.17473,264012.851190704,3866708d-c69c-4ae3-be49-5c34866bd21c
46,E06000049,Cheshire East, ,380510,363462,-2.29299,53.16793,1168703022.85249,236519.350521928,3b04c572-288b-49cd-a669-c63c26eedcb2
47,E06000050,Cheshire West and Chester, ,353097,363145,-2.70298,53.16336,919469346.735214,226900.969496563,38cb93a4-34d1-4f64-93eb-dba0abb29c72
48,E06000051,Shropshire, ,350227,302957,-2.73667,52.62209,3188408020.09352,469679.996727572,45bfa4d0-105c-4635-be3a-39a37fefbc30
49,E06000052,Cornwall, ,212497,64493,-4.64254,50.45022,3574560849.37292,562588.466081898,2c2b4e39-3cca-414b-9a78-5abeac6c1817
50,E06000053,Isles of Scilly, ,91327,11447,-6.30217,49.92332,13576118.0455998,40409.8762397572,10015513-fa6a-47ac-a7a5-80167adb5366
51,E06000054,Wiltshire, ,405213,158862,-1.92655,51.32882,3258715593.99616,349029.454142357,606fa5a8-7cd5-45f5-8333-f1d66274064b
52,E06000055,Bedford, ,505721,256463,-0.45463,52.19628,474735143.23835,115790.214783211,a9db6f74-7545-4135-ac70-4d18c7aaea39
53,E06000056,Central Bedfordshire, ,504615,234492,-0.47754,51.99903,709037224.962524,200733.015053152,43770cbb-acd8-4cc0-bc1f-6a942456af9c
54,E06000057,Northumberland, ,395323,600700,-2.07521,55.30038,5031745641.95264,446124.560986287,95376fef-546a-42e6-8650-23f1a9dbefcc
55,E06000058,"Bournemouth, Christchurch and Poole", ,410815,94067,-1.84807,50.74609,162230775.25259,94587.5767569202,0673c548-264b-47cd-a664-e9a29dee0952
56,E06000059,Dorset, ,370877,99796,-2.41459,50.79698,2489124592.16909,402038.111259449,e0c094e9-af2e-478d-b708-73f04844d27d
57,E06000060,Buckinghamshire, ,482503,208562,-0.80573,51.76967,1572324895.5667,301394.359233107,651a0a8c-b796-489c-bd73-fcb89d91520e
58,E06000061,North Northamptonshire, ,493590,281719,-0.62504,52.42547,993531337.397919,173357.163771664,2b249aa4-fab0-4e7d-af79-035755c2a346
59,E06000062,West Northamptonshire, ,467187,263879,-1.01682,52.26898,1374464732.04523,214640.809240256,eadc270d-65a3-47ce-a484-101c841618bd
60,E06000063,Cumberland, ,315764,533086,-3.30816,54.68575,3036767954.21707,393896.954355753,2ba1ed66-3bf0-4681-9674-6a7e38609d3a
61,E06000064,Westmorland and Furness, ,353889,510941,-2.71336,54.4917,3793637693.76974,406349.594148196,1338c8ae-d83c-4854-b242-1e471ab91238
62,E06000065,North Yorkshire, ,429508,466514,-1.55033,54.0937,8051097809.65372,661243.645515178,2e5822ef-f8a8-4f70-8f08-f2315fee45cb
63,E06000066,Somerset, ,309294,131078,-3.29604,51.07183,3461869447.52903,377794.145745016,e39e54a7-fe79-4ab9-990c-91e109fc8862
64,E07000008,Cambridge, ,545420,257901,0.126436,52.20017,40253613.6216736,30695.5251753432,27a4829b-529e-4192-a6de-57d7ce700c90
65,E07000009,East Cambridgeshire, ,555576,275765,0.283149,52.35788,658590905.427841,166827.183704712,87b08de0-0487-4854-87ef-965adeed6286
66,E07000010,Fenland, ,536355,294959,0.008927,52.53545,547646531.040939,136155.979254645,8b551ec6-d3b0-454d-9875-24608ed4001e
67,E07000011,Huntingdonshire, ,521008,274268,-0.2247,52.35314,911264460.467293,193578.606871012,3196a524-adfd-427e-867b-ee4f01b56c71
68,E07000012,South Cambridgeshire, ,543295,247586,0.091017,52.10805,898586674.08416,225337.495550507,8f098484-93c6-44a6-9370-52392a1f3fd3
69,E07000032,Amber Valley, ,436166,348084,-1.46219,53.02884,267683390.034409,85443.689862184,82edda09-4086-4f8f-a963-19c83b6681bc
70,E07000033,Bolsover, ,448666,371547,-1.27228,53.23874,160375569.697998,81798.2212380793,b38a4907-93e6-495b-96e7-b833601ab4a0
71,E07000034,Chesterfield, ,440049,373358,-1.40115,53.25574,65546842.0452271,41477.2422459873,f7562ee5-4abc-41b7-bd0e-a5355ebfe1e0
72,E07000035,Derbyshire Dales, ,419699,358494,-1.70708,53.12327,795616955.344765,198196.167302371,ecb895ef-16a4-4ae7-8cae-0a81a925b3b3
73,E07000036,Erewash, ,443722,338061,-1.35089,52.93819,108892651.700104,57555.8193108911,d5812f54-f1e2-46c9-9d65-0013aecb64a5
74,E07000037,High Peak, ,410473,387653,-1.844,53.38563,540619532.804108,133866.642803176,4e5a7338-7395-477b-95f0-dbdda33b6db3
75,E07000038,North East Derbyshire, ,437369,362955,-1.44253,53.16243,274748315.189957,129096.072000719,704c660c-0055-44ca-bbe2-fa5199d0d37b
76,E07000039,South Derbyshire, ,431443,325363,-1.5348,52.8249,336629792.639137,128731.079116916,b1e40361-a68f-45fd-8755-523ab3f5a4eb
77,E07000040,East Devon, ,313787,96051,-3.22364,50.75761,817043950.657541,169148.411691487,862af1a8-e7ec-4e29-9f0d-f0806bf8c695
78,E07000041,Exeter, ,293239,92005,-3.51368,50.71782,46523297.1239071,30579.4999073909,bb39df57-0f41-4c43-a7dc-97d58941be1f
79,E07000042,Mid Devon, ,288065,108913,-3.5921,50.86884,906845407.042253,204295.800120554,52db9aa0-2feb-42be-96d4-bd22ccb68c6a
80,E07000043,North Devon, ,265112,132533,-3.92688,51.07621,1089312079.15516,202455.153690603,eefbf9af-e30f-437b-92fc-62799fe9a4b8
81,E07000044,South Hams, ,270672,54039,-3.82001,50.37197,890874622.615884,245046.734884421,be8c0688-f749-4402-b904-a96b55efa7fa
82,E07000045,Teignbridge, ,283144,80205,-3.65289,50.60981,676304612.191334,133249.320524864,fb1cd20d-77aa-4025-bd88-e58f44a7161e
83,E07000046,Torridge, ,244206,114334,-4.21728,50.90739,984704048.566816,225484.668227723,62cbd7bd-7689-4717-987e-67dcca039c63
84,E07000047,West Devon, ,256378,86992,-4.03358,50.66482,1167273588.8395,203933.620582613,d1cf8f55-8c4d-4d1f-8f8b-372ec3b3d578
85,E07000061,Eastbourne, ,559339,99575,0.258516,50.77387,44296982.5292778,29652.3839208425,148f2f4e-2006-40ef-b746-a73ffd6c5aaa
86,E07000062,Hastings, ,581528,110694,0.578395,50.86724,29520660.9214096,27845.4035672648,806f06b2-209e-4098-800f-50712a601ca8
87,E07000063,Lewes, ,541473,105687,0.007658,50.83342,292686057.277588,93904.9740266343,9f783de6-fbf5-410b-9ae9-b87810dba389
88,E07000064,Rother, ,578721,119666,0.542937,50.94871,515856697.028122,134182.969452905,80444416-9c34-4214-84f4-8feeff2e9072
89,E07000065,Wealden, ,555048,117181,0.205156,50.93323,839517282.528069,169051.945632324,6ccb32c3-ca0b-4c1a-a8a0-99267ee164c0
90,E07000066,Basildon, ,571548,190849,0.475056,51.59037,110724462.344574,49851.4434908332,786628ae-7d89-4283-8df8-60c37d04f25b
91,E07000067,Braintree, ,577253,227337,0.575912,51.91635,612612179.108849,131743.860881621,65370865-8b1f-41bd-b3f1-236864d37811
92,E07000068,Brentwood, ,558560,196070,0.290091,51.64108,153007283.232521,62498.173429264,e6d140dd-3ae0-4c8a-bdb8-45969df96ad2
93,E07000069,Castle Point, ,579493,187920,0.588127,51.56159,44443607.2730637,39318.1945706816,02098831-5877-44fb-822f-bb382998e1a4
94,E07000070,Chelmsford, ,572116,206972,0.491177,51.73503,340546282.897133,94169.2526999907,f128a5d0-6044-4656-ba09-d455c095bea0
95,E07000071,Colchester, ,596947,223692,0.85982,51.87701,328509299.183342,131182.041366435,025033c5-f052-42df-9241-dcab698b42b1
96,E07000072,Epping Forest, ,548919,203757,0.154146,51.71278,339297469.578934,101260.582118813,269ba74a-c2e5-4781-90ed-11ea72cc1dce
97,E07000073,Harlow, ,545276,209589,0.103888,51.76614,29849412.7083282,22091.2204798201,8e3a843c-04e3-4293-a9eb-404c0ebd26cb
98,E07000074,Maldon, ,591413,212072,0.773106,51.77458,358322811.666252,160732.307218505,0e276564-6d9a-4933-829c-c971cef19a42
99,E07000075,Rochford, ,585979,191417,0.683442,51.5909,168469497.293022,106533.570736841,f0f3233b-4f8b-40cb-960b-21fe2712c525
100,E07000076,Tendring, ,614190,222141,1.108981,51.85674,329231623.89196,143527.875229706,9fa98605-6863-433c-b6f5-088073f46026
101,E07000077,Uttlesford, ,557833,228863,0.294499,51.9359,645326011.653816,138944.486837624,d5498b85-215d-49e6-8e2e-07db28dbed62
102,E07000078,Cheltenham, ,394925,222232,-2.07515,51.89861,46538844.8123627,31000.6848909493,915e26c4-9018-4ec9-a4e8-c59cae4d49a5
103,E07000079,Cotswold, ,402126,208209,-1.97058,51.77255,1167798413.77142,275885.404329317,7cf63bc4-30e2-48f0-a1b3-92cf65b00eda
104,E07000080,Forest of Dean, ,367175,212759,-2.47755,51.81249,542623649.236031,166765.037462022,d04e2054-f88b-4a35-ac68-1a4fed761208
105,E07000081,Gloucester, ,384071,216449,-2.23263,51.84641,40597168.8924408,28016.8047040126,c055de90-09b5-4823-bd38-b4a8c68a5075
106,E07000082,Stroud, ,378807,202410,-2.30818,51.72001,472499827.305473,142765.502710892,622093d3-0bee-4695-aecb-bde6d2271f11
107,E07000083,Tewkesbury, ,386348,226281,-2.19997,51.93487,413495708.493515,170213.857676214,86d5c87a-18c8-4949-8042-17e95337445a
108,E07000084,Basingstoke and Deane, ,454507,151423,-1.22023,51.25937,634608479.078323,122978.522389744,2d159ec2-8b76-4374-8189-ef00f410d005
109,E07000085,East Hampshire, ,474408,129247,-0.93965,51.05774,514528117.616383,124378.263206045,d3c02af2-d55c-4974-8b03-e1b16d36cb2f
110,E07000086,Eastleigh, ,447199,116807,-1.32947,50.94876,77688930.9266434,54533.7057832744,e6454bdf-4ef3-4396-9059-5054572fdaa4
111,E07000087,Fareham, ,453774,106319,-1.23742,50.85388,73043048.2015305,49809.4231267702,f74f9da2-ecf0-4afc-a6b4-b09b927e7fe2
112,E07000088,Gosport, ,458769,101088,-1.16731,50.80636,25666247.7517548,28819.6159217542,f54cbad7-789d-40ff-84df-ec3b5a7b2b3d
113,E07000089,Hart, ,477985,154241,-0.88321,51.28198,213278822.549706,65784.3474988678,15278367-4ffb-4fce-8239-49bda4251d82
114,E07000090,Havant, ,470178,108564,-1.00398,50.87231,56155172.0740929,61336.9427380866,f638444b-86ec-4a85-acd5-1317f908835e
115,E07000091,New Forest, ,428748,106524,-1.59293,50.85751,754665386.339798,172566.233895806,e8c0eecb-b324-421c-9c14-8c054d6f06c5
116,E07000092,Rushmoor, ,486022,153944,-0.76807,51.27815,39457260.0413666,26459.7715878267,6bef38b3-d054-424b-bb50-6e15422967bb
117,E07000093,Test Valley, ,434930,137329,-1.50214,51.13417,625590848.094067,159720.910397829,0742e634-7dfe-44d3-a239-defaf47e0f3f
118,E07000094,Winchester, ,453115,125901,-1.24393,51.03002,661544469.64677,142586.504044975,f053b890-9c4e-4f13-a1ed-41b30d5af271
119,E07000095,Broxbourne, ,534742,204251,-0.05073,51.7208,51741961.4169083,34985.1177090403,25e722a7-10db-480d-95fd-3595cae99ab4
120,E07000096,Dacorum, ,500084,208745,-0.55098,51.76845,214930898.538063,93306.0025007925,36ad19da-9bee-43a7-98ef-09c037d5dfd8
121,E07000098,Hertsmere, ,519774,199352,-0.26899,51.68017,99202492.9753723,52254.6048613629,cc5b45b8-732c-476c-91c9-a1098ba34e4b
122,E07000099,North Hertfordshire, ,522191,230250,-0.22316,51.95732,372109612.187668,142754.479101582,f930334e-6027-4f68-9442-e0a73500f1ef
123,E07000102,Three Rivers, ,507313,196418,-0.45005,51.65632,88910485.8115158,64605.4360648842,86fa5f7e-c240-4905-8cc7-29c4b717ef98
124,E07000103,Watford, ,510441,198197,-0.40429,51.6717,22713922.5201874,21681.0689271707,3856d529-bfd7-4a83-8ea1-22d31b2477b6
125,E07000105,Ashford, ,597640,140644,0.823374,51.13096,583622956.661186,122850.295590227,af20abaa-3158-4a41-9c12-bbc62e79831a
126,E07000106,Canterbury, ,616031,158096,1.096328,51.28102,308386325.121063,95761.8387068122,f066f8a8-001b-443e-abd1-aa9c14ea2de2
127,E07000107,Dartford, ,556167,172917,0.245276,51.43373,72780878.8639679,44124.6681894501,94cb4743-553d-4a46-bce6-9c1eff7107b7
128,E07000108,Dover, ,628964,150942,1.276887,51.21176,316403924.06015,93358.6482194268,9554c798-9b5d-4203-80f0-938825053acf
129,E07000109,Gravesham, ,566969,169114,0.398744,51.39649,96065046.4643707,49991.0091396708,f8a30785-a19b-47fb-a996-1c72b652f957
130,E07000110,Maidstone, ,580489,151670,0.584061,51.23566,392223477.4133,101282.720286708,e75a7170-9a1d-40cd-880e-7ad70d2fc45d
131,E07000111,Sevenoaks, ,552776,155218,0.188936,51.27563,370528650.982033,111504.555076122,3c1fe170-57cf-4171-be21-cf11efa37bfc
132,E07000112,Folkestone and Hythe, ,610318,134597,1.000796,51.07215,360217339.305367,128054.100399892,c23ec802-c333-4e34-8dfd-a2356fa86faa
133,E07000113,Swale, ,593583,161818,0.776893,51.32251,369670794.594955,176785.586541572,8d286d1b-9a2c-4593-84f7-c3d51269391c
134,E07000114,Thanet, ,631839,166752,1.328226,51.35252,104169255.299675,46094.3557475902,efb3f7b9-48c6-4941-b40c-4fb6176d0244
135,E07000115,Tonbridge and Malling, ,564014,153896,0.349305,51.26063,243626655.803413,91660.0641639123,d5d9d689-6f77-4ab0-b895-f1bfc9b0cb36
136,E07000116,Tunbridge Wells, ,573139,136598,0.471631,51.10253,327340648.581917,117037.584632861,434407e0-a7e2-4f29-8212-7045394ce919
137,E07000117,Burnley, ,384886,430880,-2.2308,53.77404,111741124.317871,48839.2370223194,c834fbc2-1d14-4c7f-b534-f3b1a0f85483
138,E07000118,Chorley, ,359188,419722,-2.61923,53.67238,202955917.871078,77363.5288337724,d30ec826-1007-4fb8-9bd0-19c43e82a328
139,E07000119,Fylde, ,339554,433811,-2.91914,53.79709,163588656.360184,71097.1607991635,3c251197-87c1-4b16-a3c4-a5f2ac8bc29c
140,E07000120,Hyndburn, ,374407,428967,-2.38964,53.75644,73310982.5701752,36612.4366498658,3df66dcc-fd4b-421c-86b1-2d671f3db526
141,E07000121,Lancaster, ,356896,464988,-2.6603,54.07901,569213508.074463,182200.266858755,26a6f31d-a175-4e67-853c-b198ac525a6d
142,E07000122,Pendle, ,387638,443368,-2.18956,53.88636,166907554.05246,66093.7023264858,dad120b2-3d18-405b-a42a-c098fd73c817
143,E07000123,Preston, ,352828,436431,-2.71804,53.82201,142930283.490067,61319.7963648977,efd8d135-b1e5-4f5e-b008-d2c7267f9385
144,E07000124,Ribble Valley, ,372689,447677,-2.41737,53.92451,582753281.089249,127830.447288903,fa3de77f-f784-46b0-8726-a3324843417e
145,E07000125,Rossendale, ,382827,420953,-2.26149,53.68476,137062101.048492,62480.1855235122,2bfc7971-3fc4-47dd-b275-a078e4706ca0
146,E07000126,South Ribble, ,352017,425841,-2.72871,53.72676,114211486.883789,71676.6888473476,734ce3e7-1ce6-4fe1-9b2e-d40f02894ad9
147,E07000127,West Lancashire, ,342606,413271,-2.869,53.61284,346490875.925896,113766.110025793,b8952b5b-24a8-48d3-b8a0-35ba1c7b2111
148,E07000128,Wyre, ,347294,445159,-2.8036,53.89991,285127854.759155,115486.212697744,7427458a-a369-4731-8179-1e3273d66d4b
149,E07000129,Blaby, ,454385,297994,-1.19887,52.57706,130101036.074913,80298.0882816641,ecaed495-af93-4b01-8127-8d28f69b8edb
150,E07000130,Charnwood, ,458365,316155,-1.13694,52.7399,276407356.612183,93620.1313162514,42fb70cc-296d-4acf-b300-f70682371675
151,E07000131,Harborough, ,474550,293873,-0.90228,52.53764,595908525.910301,142562.070402476,3c1b167b-1deb-4730-bbc2-ba5d675d8815
152,E07000132,Hinckley and Bosworth, ,439538,301379,-1.41755,52.60877,300077777.495888,93507.9034806995,84f107dd-0057-4130-8c5c-7668d9901c86
153,E07000133,Melton, ,477328,323469,-0.8544,52.80326,484009413.893677,116594.479411464,df0e105e-ac25-4ee9-bf45-4153ba3db258
154,E07000134,North West Leicestershire, ,439107,316253,-1.42215,52.74251,278293545.803955,95781.8541634592,c0fb0396-5abf-4244-8cd5-cfcb6bbf2f15
155,E07000135,Oadby and Wigston, ,461543,299379,-1.093,52.58875,23221816.1054306,23050.2510544195,ee22d430-9abb-47d1-8b75-194fe5e0162e
156,E07000136,Boston, ,526851,343956,-0.11218,52.97797,365178357.470963,100785.827079708,5a1d3afa-cf8f-455d-9660-b1367376ee26
157,E07000137,East Lindsey, ,534861,376064,0.020516,53.26446,1774120292.19586,229898.233157485,70656c1e-c013-4baf-bdb5-6b57f21d8bc8
158,E07000138,Lincoln, ,496347,370096,-0.55848,53.21921,34776950.2810211,28546.9242862253,c1efb001-79ca-473d-a2bc-74935ddc5f0d
159,E07000139,North Kesteven, ,502139,354789,-0.47664,53.08059,921041108.517258,163481.488519149,77ae6350-6f7f-4c03-90d4-1f22ce37ef74
160,E07000140,South Holland, ,532910,322929,-0.03057,52.78759,754607958.228638,145713.009145831,864454ac-1cff-44b1-af77-d137306eb4c1
161,E07000141,South Kesteven, ,501404,328986,-0.49568,52.84885,942066293.306656,184679.497720274,f29f6de1-6800-4bbd-9423-4644902e0621
162,E07000142,West Lindsey, ,499314,390326,-0.50774,53.40044,1158136214.62856,221121.444093273,ee62b6ae-e8e8-4b4c-8cbf-0fe647b9f595
163,E07000143,Breckland, ,591015,303332,0.818717,52.59422,1301551938.04578,207007.674692232,5cd2fffb-8c73-4118-bf24-e5dea4333bab
164,E07000144,Broadland, ,619861,315909,1.252273,52.69622,551540252.146072,166336.094826007,f7de1383-7886-427d-ab1f-ee225f93b723
165,E07000145,Great Yarmouth, ,646762,315881,1.649525,52.68439,181411638.858124,74070.8376393198,b86fd222-f7b2-4720-96f7-8c30a0021784
166,E07000146,King's Lynn and West Norfolk, ,571219,315807,0.533245,52.71285,1433452928.94261,287662.105488881,07b1e353-f86f-4568-9e87-81494207fe3f
167,E07000147,North Norfolk, ,611043,330857,1.131609,52.8339,958168802.161591,229179.45889121,08dd60e1-3922-43d9-ab35-f78264782011
168,E07000148,Norwich, ,622355,309773,1.284979,52.64013,39871628.6246033,77776.9947121338,de93d2ae-c4a6-4016-9596-058a9c66eda9
169,E07000149,South Norfolk, ,628991,295822,1.373247,52.51217,908883815.721573,197644.217471736,beb6a992-f05c-4b70-b40e-4ddec038105c
170,E07000170,Ashfield, ,450035,355843,-1.25422,53.09747,109082657.026215,57298.7499245541,927f5e2b-19f4-43b1-b6d8-e5b5a8f95586
171,E07000171,Bassetlaw, ,468073,384835,-0.9787,53.35604,639301219.531754,136464.970827137,2c51b0db-0ead-4627-8cd4-99ebc1270219
172,E07000172,Broxtowe, ,449829,341891,-1.25944,52.97208,79433918.6433868,52750.1229038524,53555ab8-2230-48b0-a8ca-89b746c75de3
173,E07000173,Gedling, ,459184,347811,-1.11907,53.02434,120122317.11554,59267.6360399432,77a85481-8346-4958-b8a3-dfde3c5f739b
174,E07000174,Mansfield, ,455047,363637,-1.17804,53.16703,78365962.7874756,45441.4125058636,da379aa9-7981-466a-9826-4115e723efe5
175,E07000175,Newark and Sherwood, ,470624,357451,-0.94643,53.1096,651135384.66629,159292.081065811,50a242e0-5a19-454f-b1ce-f55666b81ff5
176,E07000176,Rushcliffe, ,466609,335453,-1.01093,52.9124,409779465.950729,104624.686571504,cccc95d5-5e88-42a2-beeb-488b822ea2bc
177,E07000177,Cherwell, ,449301,221199,-1.28506,51.88718,590021900.663818,184823.410432005,a5d757df-72c4-4149-8780-7c8e08b1b9b2
178,E07000178,Oxford, ,452277,206368,-1.24405,51.75357,45105986.515358,30243.6411134712,264edbd9-f11e-4634-a034-4cd67306b635
179,E07000179,South Oxfordshire, ,463890,191964,-1.07847,51.62288,676297342.281723,172245.7760058,ec84b998-0068-4277-84da-e9ea3f5dbafd
180,E07000180,Vale of White Horse, ,435697,195198,-1.48537,51.65444,582883616.380249,146032.865728814,d1fc3d63-9826-4c86-9020-99afc80297b9
181,E07000181,West Oxfordshire, ,434343,215817,-1.50292,51.83991,713794709.412766,132502.685053383,0780ad53-e897-4808-8494-c83fb0686637
182,E07000192,Cannock Chase, ,401261,311553,-1.98277,52.70166,79660342.3308563,41986.4287844737,9b4f759c-5c90-4b28-ad8b-70d11b21b3f5
183,E07000193,East Staffordshire, ,412599,326571,-1.81441,52.83652,394049885.20256,138128.173660454,3e7a97e5-c890-427f-bb9e-668dfa10d720
184,E07000194,Lichfield, ,416276,310967,-1.76059,52.69615,328432889.967186,104035.850266593,33504933-780f-42ed-8f12-619fd174420b
185,E07000195,Newcastle-under-Lyme, ,378201,345177,-2.32628,53.00347,210624295.164665,87803.5524699401,6c57194a-8113-4bda-b3d7-b3419ffac383
186,E07000196,South Staffordshire, ,389624,311036,-2.15496,52.69691,409451858.871399,152646.972768309,272d1c8a-1c46-40ed-a157-58db078f31c4
187,E07000197,Stafford, ,389000,327835,-2.16477,52.84791,598969160.60321,128795.429896811,f2bb42e4-5145-4a6f-91ca-81c282e011a7
188,E07000198,Staffordshire Moorlands, ,400543,352448,-1.99334,53.06928,576406743.750076,120056.599718679,11fb3ce1-d03a-4167-93e9-950d19e60417
189,E07000199,Tamworth, ,421452,302547,-1.68455,52.62028,30582523.6968689,25379.4904480878,437a640f-25c0-40cf-a41d-e30fd9e6af2f
190,E07000200,Babergh, ,599987,244692,0.916149,52.0645,595921449.826248,142583.748828666,53786cd5-a19e-4312-a8bd-1aad7f9d6686
191,E07000202,Ipswich, ,617163,244456,1.166175,52.05592,40678435.3669891,30234.6185970835,3b67511a-1d29-47e8-9597-4c382b3eb408
192,E07000203,Mid Suffolk, ,611646,262335,1.096951,52.21856,873338681.492981,159675.664937073,cbcb9730-adbb-47be-9df7-6c7ff6fd5cbf
193,E07000207,Elmbridge, ,511883,163655,-0.3944,51.36095,95459366.8121719,43268.2485485874,8d18137c-348d-495d-978f-3907d543bc45
194,E07000208,Epsom and Ewell, ,521176,161476,-0.26172,51.33946,34989438.0208588,26097.8902358897,aca4cdfa-80c2-4119-a8e2-e431f767b424
195,E07000209,Guildford, ,500408,151481,-0.56257,51.25366,271982932.275948,104278.658321041,818a5984-e33c-4ada-80bd-4d8f82c70a7b
196,E07000210,Mole Valley, ,518377,148953,-0.30603,51.22749,256017716.961784,84135.7201658608,2984a85d-1f1c-47c8-8332-c97e4eadf4d5
197,E07000211,Reigate and Banstead, ,525786,152574,-0.19871,51.25846,129034427.758179,61552.2427373697,ddf4426e-25e8-4d5e-9bed-f2c3d870609e
198,E07000212,Runnymede, ,501777,166980,-0.53855,51.39274,79363929.0510025,37970.1768189885,a374de57-19bc-404e-9ebc-330ad558ba70
199,E07000213,Spelthorne, ,507012,169622,-0.46254,51.41552,51885054.2412262,34304.8844632316,efad9251-572c-4250-b832-c6eb695fd1bf
200,E07000214,Surrey Heath, ,491364,160485,-0.68983,51.33612,97010526.6087418,46465.4899374749,d387534c-83a1-48a8-aeaf-00ef063fb5af
201,E07000215,Tandridge, ,536362,150328,-0.04809,51.23584,247472347.157005,69717.8553388108,0794aace-9c0d-495c-84fb-2d02f69278ba
202,E07000216,Waverley, ,496363,140635,-0.62343,51.15686,342205210.837852,102509.833015137,cc7a19de-d055-44f9-9beb-925b0d11068e
203,E07000217,Woking, ,499088,157544,-0.57981,51.30839,61728436.2703934,41476.8100047902,a69e9b6b-7db3-40bc-bb9e-a11538c12bd4
204,E07000218,North Warwickshire, ,425570,296402,-1.6242,52.56486,285119091.129189,96458.9518538333,b358be94-b312-4621-9737-b0b1779dbc25
205,E07000219,Nuneaton and Bedworth, ,435420,289352,-1.47964,52.50094,77930872.1249771,40995.2682935653,061b62ba-9bb7-4b84-ab86-a5fef7ab95aa
206,E07000220,Rugby, ,446498,276244,-1.31828,52.38228,349018277.508041,96992.3729705539,b4fb6e7e-1dc8-43c6-8c2a-f7099e6134bc
207,E07000221,Stratford-on-Avon, ,425019,251537,-1.63565,52.16155,979094797.855614,217892.136678308,7e7610a2-4af3-4124-83c7-2541e5edb48f
208,E07000222,Warwick, ,428484,267113,-1.58369,52.30142,282964566.089226,91456.3405538448,2157db7f-1cc9-4d91-b006-7deb556ef11f
209,E07000223,Adur, ,518076,106472,-0.32417,50.84572,40952066.0943069,30980.1178908547,3da69cae-66a9-40d3-b83e-76a4f7807db7
210,E07000224,Arun, ,495144,105723,-0.64999,50.84321,224136565.345253,96786.3071056328,5ae8bfd6-9568-49f4-aabf-528b4d429710
211,E07000225,Chichester, ,490285,116600,-0.7163,50.94177,788067543.696133,182910.923913854,83ff6edb-60d5-4233-bf1e-cbaca05733b2
212,E07000226,Crawley, ,526390,137581,-0.19533,51.12357,45829144.5777969,33575.8579732999,be205699-bdb7-4518-ba78-c8f26ee0d6d7
213,E07000227,Horsham, ,513674,123840,-0.38126,51.00272,530148077.623337,128320.144863884,acdd5b2e-6c91-427a-b4db-3fa135b06712
214,E07000228,Mid Sussex, ,533052,130624,-0.10275,51.05954,336665240.94133,109151.391421806,48408ae9-c889-4ead-901f-75c9d24e2a11
215,E07000229,Worthing, ,512679,104948,-0.40127,50.8331,30611923.5845375,25743.9847885917,0c00e1c5-7f91-4bc7-9961-e1612f4cd14f
216,E07000234,Bromsgrove, ,399840,273736,-2.00376,52.36169,218034280.98539,90581.9745494566,20e70f84-9a97-4d99-9755-90d60984d7f2
217,E07000235,Malvern Hills, ,377463,252198,-2.33092,52.16759,579797328.008507,187728.796510727,a5fa4853-8194-46ce-943d-51b1e518f677
218,E07000236,Redditch, ,403705,265253,-1.9471,52.28541,55030614.7333069,32518.3818500286,7f220578-7401-41a9-aa51-6f95f2e04969
219,E07000237,Worcester, ,385744,255190,-2.20997,52.19477,34677044.9403,23962.7769145275,146feb37-bd73-473e-8aef-c74d193546f8
220,E07000238,Wychavon, ,398991,247839,-2.01614,52.12886,659536629.155289,183961.607433826,29207359-6f9b-4339-a121-c4cc4b31df52
221,E07000239,Wyre Forest, ,384106,276388,-2.23494,52.3853,196173167.051971,82052.0623621439,a2c22eba-4e9a-40d4-ab42-995d8ab5a853
222,E07000240,St Albans, ,514580,209623,-0.3407,51.77356,158865311.942474,63002.8256433482,c86e7a81-c037-488f-8ec4-4ce97a037709
223,E07000241,Welwyn Hatfield, ,525345,208467,-0.18518,51.76087,129449584.630142,69326.0565186618,fd6a44d6-da19-4e08-8683-500f6487174b
224,E07000242,East Hertfordshire, ,537995,220370,0.002739,51.86485,477728656.942039,112068.893788715,3888fe75-d43d-46e5-aaea-58d12b1111cf
225,E07000243,Stevenage, ,524622,224531,-0.18987,51.90539,26824166.0814133,22050.2143265599,c654dccd-512e-4115-84c5-1ab47396fc54
226,E07000244,East Suffolk, ,636043,266291,1.456199,52.24416,1278711108.10707,247059.423232534,8513aca7-415f-4d97-b51b-ec97db6fe321
227,E07000245,West Suffolk, ,580941,271121,0.652723,52.3084,1033666351.56374,220843.606836041,ce14fc72-b490-400a-b5ea-1b6541d2252f
228,E08000001,Bolton, ,368352,409874,-2.47952,53.5845,138687865.014191,64710.3340400121,c2a79393-da7a-4d24-a81b-11af4772a4c5
229,E08000002,Bury, ,379658,410767,-2.3088,53.59309,100712672.254913,57016.2534667192,e28ba29f-38b4-4ff9-9ff2-d4e99125804b
230,E08000003,Manchester, ,384591,397063,-2.23359,53.47009,111898280.926071,69387.5197793443,808bf68b-e54e-486d-b6ca-95ce47df29c1
231,E08000004,Oldham, ,396603,406784,-2.05274,53.55768,144009083.688797,60962.5161536524,56414439-46dc-4ee2-b21b-4e8ab5aea05a
232,E08000005,Rochdale, ,390315,412326,-2.14784,53.60741,156235168.830826,70318.8138267209,25285536-dcb1-4137-b051-139e117b06b9
233,E08000006,Salford, ,374556,398128,-2.38485,53.47927,97966760.8522491,56607.4574926673,2c5fa185-925b-495f-bd47-627caacc7350
234,E08000007,Stockport, ,391807,388258,-2.12465,53.39111,125568335.173462,56970.4374279622,366fe5d8-586d-4379-b9b0-f2272a0be3d2
235,E08000008,Tameside, ,394987,397995,-2.077,53.47867,102157735.37204,43840.6156983993,c604d7fe-684f-4e63-a44f-c5ddec0a12bc
236,E08000009,Trafford, ,375790,391163,-2.36572,53.41672,108080386.800537,50827.7922845074,58fc81b8-bf4a-4ac5-ab5d-9732ff34aa66
237,E08000010,Wigan, ,362139,402126,-2.57242,53.51445,188317219.242844,71511.8872470227,07102084-bd6a-4914-b09e-38ec7d7bd101
238,E08000011,Knowsley, ,344762,393778,-2.83297,53.43788,86259350.6676788,57791.3542374306,08c02228-28fb-4113-b9d2-6c96f2018b49
239,E08000012,Liverpool, ,339359,390556,-2.91368,53.40833,112986725.794609,54579.6671369785,d8d1aa73-5216-48fa-ab91-50ee34a048c0
240,E08000013,St. Helens, ,353413,395992,-2.70309,53.45862,135954692.29882,64913.9633672744,9ed62d24-9d98-47e1-b2c7-95c8794dfed0
241,E08000014,Sefton, ,334282,398835,-2.99177,53.48212,153851174.048492,98970.2178616142,84d079b9-0040-40c7-9d20-b3f1a5b65acd
242,E08000015,Wirral, ,329109,386965,-3.06703,53.37478,155791689.984764,75456.2130975748,c3c31408-d6ca-44c8-a486-7779836f5689
243,E08000016,Barnsley, ,429979,403327,-1.54925,53.52577,327245738.828796,106160.417371897,19062a7f-8401-4da3-9de8-1b4e16cfeeeb
244,E08000017,Doncaster, ,459167,403733,-1.10894,53.52695,567311902.824066,116347.167268119,340f381b-052d-4237-8ea1-50283caf8f52
245,E08000018,Rotherham, ,447542,388980,-1.28651,53.39553,289185192.302475,88845.3632514031,50287d65-b792-41c2-b223-41ab16774813
246,E08000019,Sheffield, ,430511,389736,-1.54254,53.40358,365670799.443451,114108.633527879,dbacc134-aa71-4e82-b9ef-b9f686cd5cb2
247,E08000021,Newcastle upon Tyne, ,422287,569661,-1.65297,55.021,113015422.896683,53418.6361436281,ed98a691-0280-4ad0-a17f-01012609691b
248,E08000022,North Tyneside, ,431485,570602,-1.50901,55.02896,83081980.9186249,58664.9614434836,5fcd775d-b4e5-4162-b37b-63350adc7936
249,E08000023,South Tyneside, ,435505,564057,-1.44693,54.96988,62211023.3444519,39387.9628445384,c1ec5449-fa97-4bc1-b0cb-c1ff8e069774
250,E08000024,Sunderland, ,436455,551514,-1.43368,54.8571,136159388.652176,58865.1704690103,9311c83a-ac86-496b-b721-e9b6b674e01f
251,E08000025,Birmingham, ,408150,287352,-1.88141,52.48404,269035994.327301,88771.2776116519,d5084175-2117-4a56-81a1-0848348903d1
252,E08000026,Coventry, ,432809,279689,-1.51905,52.41423,99814432.6769562,43491.2605679822,dff58b6a-18c5-4b6e-bdb3-153c3d5dd02b
253,E08000027,Dudley, ,393191,288584,-2.10171,52.49513,97276251.4931335,60134.2576855566,18bd4b46-d019-4301-b886-8db822cb87cc
254,E08000028,Sandwell, ,399573,290764,-2.00771,52.51477,85221028.9950333,48305.2170000014,d7288a51-76a8-4c17-8ca5-c64b04c72f7a
255,E08000029,Solihull, ,419434,281483,-1.71558,52.431,177581790.779434,82679.6303269348,827c327b-99fb-434a-afdb-80dabfafaf37
256,E08000030,Walsall, ,402099,300807,-1.97043,52.60505,104037236.450035,49852.8697483562,fc2e6aa3-3f70-4e9d-a1ca-885a60638153
257,E08000031,Wolverhampton, ,391463,300016,-2.12746,52.59788,69461850.0617142,41129.9723716962,c2bcab19-c99d-4030-bfaf-41bbefec412a
258,E08000032,Bradford, ,408395,438626,-1.87389,53.84382,369651683.846832,113378.352151946,792654e7-438c-41b3-b7ba-80680ddcac08
259,E08000033,Calderdale, ,402618,424895,-1.9618,53.72047,367612475.283127,94048.3010100837,d2a1e18d-ce3e-4c47-8adf-e9972efc746d
260,E08000034,Kirklees, ,414586,416223,-1.78085,53.64233,405306353.385895,106837.808517252,00eb65c9-cc0e-4a5a-908b-da803a1405a1
261,E08000035,Leeds, ,432528,436384,-1.50736,53.82273,550640034.865128,133852.55658201,f383f1a1-8cb0-44a2-80e8-f60c37800385
262,E08000036,Wakefield, ,438367,418231,-1.42091,53.65918,337240885.689636,90463.3028353905,39e643b3-92fe-42c1-ae2c-60069455f172
263,E08000037,Gateshead, ,420158,559652,-1.68696,54.93115,147502596.149323,67924.7293079033,0e926b04-e56f-41eb-bfd4-05282d56c626
264,E09000001,City of London, ,532382,181358,-0.09351,51.51564,2677107.49684143,6902.14934515467,1c2872aa-58a4-4648-b66a-2040b247183d
265,E09000002,Barking and Dagenham, ,547757,185111,0.129479,51.54555,36356924.0305481,31246.9092001347,43a3d128-e49c-4c54-a13c-b7cd1466cc12
266,E09000003,Barnet, ,523473,191752,-0.21819,51.61107,86665152.1877594,41943.1584541682,7ee3a825-544d-42bf-aef9-a1f871d68dba
267,E09000004,Bexley, ,549202,175434,0.146212,51.45822,61714413.5751724,36630.8416043359,8c8558d5-7178-4269-80ef-e6cb7fc69748
268,E09000005,Brent, ,519615,186465,-0.27568,51.56438,44179370.1184082,33216.3568265264,59b8baef-4d87-44d1-b638-8171f84bb971
269,E09000006,Bromley, ,542036,165707,0.039246,51.37266,150200354.494507,63023.1071889816,3b50bbd6-19b9-4252-8515-3d07f7a7c9f4
270,E09000007,Camden, ,527491,184283,-0.16291,51.54305,21269432.2465897,22059.4704119237,b377b1db-f820-4797-897c-dd123af76974
271,E09000008,Croydon, ,533922,164745,-0.07761,51.36598,85955790.7896347,46711.535870876,793e8c64-9483-4c95-9094-e8a3cc11b5d1
272,E09000009,Ealing, ,517055,181959,-0.3141,51.52442,54703293.5004959,39296.8632324367,056c7265-5787-484d-a4be-6a13cd756f43
273,E09000010,Enfield, ,532831,196198,-0.08144,51.64889,83007482.2971954,37695.486839901,df203a8b-9b20-40f1-90f7-e42b5fc7803f
274,E09000011,Greenwich, ,542507,175878,0.050093,51.46394,47350661.9535294,37948.2600366201,ae897147-8870-49ae-99a5-0fd1f778b4bb
275,E09000012,Hackney, ,534560,185787,-0.06045,51.55492,19832945.1758347,21351.2425933913,ddb44c04-5c7a-40d3-b0f9-9813de43bee4
276,E09000013,Hammersmith and Fulham, ,523867,177993,-0.21735,51.48733,17334835.1918182,20302.4284431768,934e514a-dad5-47ce-96c0-0438d0e05576
277,E09000014,Haringey, ,531260,189349,-0.1067,51.58771,28656867.0462112,25726.8573241027,144baeed-734c-4e2b-856c-0831a2e0e5bc
278,E09000015,Harrow, ,515359,189736,-0.33598,51.59467,51801479.5922928,31182.0556027942,2cac0b9b-65af-4546-8781-a601f2a01693
279,E09000016,Havering, ,555032,187514,0.235368,51.56519,113330560.884369,58255.9924088148,01f38310-a29c-4fce-b1dd-758fc4c3cba0
280,E09000017,Hillingdon, ,508168,183121,-0.44179,51.53664,115529298.445053,55986.3430131733,592256b5-4406-4095-8778-11affad03cbc
281,E09000018,Hounslow, ,512737,174959,-0.37855,51.46238,56826609.9237061,46725.3061131256,21098592-aa3e-4864-9ff5-5313ebdf34e0
282,E09000019,Islington, ,531160,184645,-0.10989,51.54546,15147055.2425613,17529.0688543183,794e44c6-198c-4f03-a0b7-5955e2a49301
283,E09000020,Kensington and Chelsea, ,525756,179054,-0.18978,51.49645,11387818.3138428,17844.7682888426,92040876-14dc-4889-8664-6349f736cb44
284,E09000021,Kingston upon Thames, ,519508,167389,-0.28367,51.39296,37854519.4491577,33057.8145247818,ad54d18f-1f59-475c-a33c-9008a0cebd10
285,E09000022,Lambeth, ,531118,175629,-0.11385,51.46445,27177208.4434662,28899.8949205018,abd1a93e-2eaf-4af1-8638-139ba9630866
286,E09000023,Lewisham, ,537888,173343,-0.01734,51.4423,34349445.730011,30891.9817380858,8bfce11c-0d0b-45b7-a372-ddc28bc53707
287,E09000024,Merton, ,526068,169508,-0.18868,51.41058,37363811.4061203,27911.0759982996,8375c849-5b9d-477f-81d0-df5441d29e94
288,E09000025,Newham, ,540713,183346,0.027261,51.53149,36911701.9983902,25880.6823148301,5785caf6-9ca1-4351-bbad-312e17f9b8eb
289,E09000026,Redbridge, ,543512,189477,0.070085,51.58588,57723543.7370224,36059.3667125629,c271eb38-95ca-4c94-9b8f-8dd0452fbdfe
290,E09000027,Richmond upon Thames, ,519005,172650,-0.28914,51.44035,57385306.9700165,45187.6677868171,6ea29b04-ee42-41b6-b0b7-d004039e3064
291,E09000028,Southwark, ,533945,175869,-0.07308,51.46594,29744496.3967743,28145.7262516869,ad06e62b-15e4-4491-b28d-ac6b9828189f
292,E09000029,Sutton, ,527357,163639,-0.17226,51.35755,44495920.8167877,32961.7603399833,d48bb4f3-8ea0-429f-ae40-d207a13abcce
293,E09000030,Tower Hamlets, ,536340,181452,-0.03647,51.51554,19288810.8886871,22595.7356506426,99143da5-4747-474e-af05-10cc8830aa4e
294,E09000031,Waltham Forest, ,537328,190278,-0.0188,51.59461,39280519.9152603,28358.2612712938,8a040c8f-b07b-4c79-902f-249321220184
295,E09000032,Wandsworth, ,525152,174138,-0.20021,51.4524,35067705.1437759,32987.7564779204,258cac5c-9cec-4fc1-b6c0-16948e8b9593
296,E09000033,Westminster, ,528268,180871,-0.15295,51.51221,22896812.7878189,22657.0608258363,2f1e059b-7eed-4e9b-8b68-895fb226734b
297,N09000001,Antrim and Newtownabbey, ,130813,541285,-6.1776,54.69386,725799509.438972,145230.911089001,e975b970-33f7-44d8-9b55-20a19748b881
298,N09000002,"Armagh City, Banbridge and Craigavon", ,112110,508158,-6.43455,54.3867,1436133596.94844,200894.188676107,a2a16c31-824f-4872-b40b-36f7c0c714bf
299,N09000003,Belfast, ,146465,529747,-5.92535,54.59853,137793211.378029,55368.3406467658,e67d37f9-e23c-4159-a7a2-14bcf457e488
300,N09000004,Causeway Coast and Glens, ,106168,581420,-6.5996,55.03962,1985246185.58913,285673.887081582,a49a0beb-edc3-4553-86db-cb97bd3962dd
301,N09000005,Derry City and Strabane, ,51779,559566,-7.42064,54.80904,1246637302.06076,232726.794902064,420638ab-5752-4c14-a486-77b653a08fad
302,N09000006,Fermanagh and Omagh, ,41233,513013,-7.5271,54.38521,3008098448.65362,353030.335964912,6a4ab567-b81e-4426-8282-caed185a8f21
303,N09000007,Lisburn and Castlereagh, ,138712,518920,-6.03545,54.49752,511678825.677032,133180.971163027,df70e5be-8043-46cc-bf02-a62101c4a874
304,N09000008,Mid and East Antrim, ,133943,560151,-6.14645,54.86462,1064497679.16619,198440.24053613,b21e49ab-6f86-476b-a3b7-4c8b8aa915fb
305,N09000009,Mid Ulster, ,83920,528564,-6.8889,54.55273,1960344282.72563,267948.60966111,7feea4a2-ae8f-430b-8ba5-f8c236665570
306,N09000010,"Newry, Mourne and Down", ,133006,480432,-6.08891,54.14953,1686589091.39087,292915.110008456,d0595042-1fe1-4398-91d5-2f5954fe5be4
307,N09000011,Ards and North Down, ,164321,524944,-5.64568,54.56409,568018205.837128,133193.841859788,46a86327-cf5e-452c-9ed6-fbf7dd4defdf
308,S12000005,Clackmannanshire, ,291178,696402,-3.75316,56.14784,161788598.32402,74425.4447686975,e6b87623-e587-48df-baf1-f9b27cb8c78e
309,S12000006,Dumfries and Galloway, ,270645,579856,-4.02863,55.09621,6441243932.34341,690353.140160442,96412da5-5e3a-4bd7-8b86-3be7bec42d24
310,S12000008,East Ayrshire, ,255398,624935,-4.29057,55.49674,1273186861.23479,276607.3525259,def3d27e-7bef-456c-8510-ab22ae49cc52
311,S12000010,East Lothian, ,354854,672351,-2.72435,55.94207,678377929.808701,149383.831751217,ff4a77fc-c513-4d15-ad20-b3d2c268a5a4
312,S12000011,East Renfrewshire, ,251930,653115,-4.36058,55.74868,175673929.966217,75235.332193271,1eb6d556-7721-42f6-bb54-31dd29f75406
313,S12000013,Na h-Eileanan Siar, ,126473,932862,-6.65722,58.19938,3003787967.84572,1673323.26652499,37f0a3db-a60f-43fe-9ae1-365dc69ebd82
314,S12000014,Falkirk, ,285585,680170,-3.83619,56.00077,296690199.098877,117554.329710493,412304fe-d7a6-4004-a4e4-8b7a4f0d6bbe
315,S12000017,Highland, ,241018,858292,-4.66103,57.58657,26112691067.2089,3178454.82022524,04a6a794-4576-4614-b32d-814272931d66
316,S12000018,Inverclyde, ,227922,670894,-4.75387,55.9003,162791268.674469,60961.2570220878,2ef40f50-b40f-45b7-bbeb-5abda7cbd1dd
317,S12000019,Midlothian, ,330088,659217,-3.11738,55.82111,354813256.347198,110234.868394774,9b25f199-b620-4bf6-9a15-af4e839ce38d
318,S12000020,Moray, ,328015,843590,-3.20202,57.4768,2243254021.66663,356254.350538373,4d6f5600-e3a5-4c52-9b80-eae1e593ce06
319,S12000021,North Ayrshire, ,228996,651640,-4.7246,55.72789,879789199.879517,254779.148291609,65e4a168-38b3-4f98-86f2-237831aed90a
320,S12000023,Orkney Islands, ,348293,1006584,-2.90025,58.94334,995871512.207626,771698.124193926,e952b301-0ba3-419e-acd0-44144a22990f
321,S12000026,Scottish Borders, ,345889,626137,-2.85869,55.52595,4743874383.33755,430242.735904274,28a6a6db-0664-44b4-b6a7-08422cf97d74
322,S12000027,Shetland Islands, ,434516,1180307,-1.37344,60.50495,1435009320.98911,1196353.30292354,c50049c1-d90e-42a0-8cbf-d32d09941ad1
323,S12000028,South Ayrshire, ,226545,596271,-4.72899,55.23008,1224187094.70687,252238.83975308,464af041-6178-421a-965b-cef7f563ccd0
324,S12000029,South Lanarkshire, ,284634,636071,-3.83272,55.60453,1771550624.40652,247588.64738527,6c327e7b-67fc-4a5f-a579-efc29971c0fb
325,S12000030,Stirling, ,255980,708769,-4.32595,56.24953,2259083512.44484,286927.688634678,2a764892-71b9-4f70-a20b-dd7485b432a4
326,S12000033,Aberdeen City, ,387763,808479,-2.20398,57.16697,186394543.184784,88336.0370839989,41380c82-1b70-4cdb-a219-2d87e57c57c3
327,S12000034,Aberdeenshire, ,352284,816277,-2.79208,57.23469,6319996887.59091,562132.6318224,070287eb-0f6b-4b63-ae30-cfd9e58d7e9c
328,S12000035,Argyll and Bute, ,200740,715443,-5.22114,56.28944,6941519390.86074,2210288.48013296,8a707e27-de3c-4b6e-8ba3-1cf6cbaa9598
329,S12000036,City of Edinburgh, ,320193,669417,-3.27826,55.9112,263287507.36174,88862.6767669693,0c8ba5a3-0793-4873-b7ac-0af81264d80f
330,S12000038,Renfrewshire, ,239305,664698,-4.56834,55.84862,269214204.347305,89241.2347901759,d89f5131-fd78-4e5d-b9d4-36aaa64aa3cf
331,S12000039,West Dunbartonshire, ,242904,681586,-4.52074,56.0014,179410610.236465,72678.0137913466,ec91fc53-53d4-47ae-b239-9ac7f6412972
332,S12000040,West Lothian, ,299483,668514,-3.60909,55.8992,427102936.485748,113066.382132416,df580f7d-6bee-43a0-aae1-f1665d112ac8
333,S12000041,Angus, ,345506,759636,-2.8921,56.72518,2194487153.97276,244632.630063579,334f5dbc-488b-461e-9ebb-dd72b9b3d23d
334,S12000042,Dundee City, ,340291,732145,-2.97095,56.4776,57176975.0076904,39677.9441466204,8fe483d0-d1eb-44ca-b5ef-8425373c27d1
335,S12000045,East Dunbartonshire, ,261240,676154,-4.22417,55.95829,174167614.36441,83226.1959972311,991ea247-7026-46ed-991f-1da1ea0a592e
336,S12000047,Fife, ,339187,704720,-2.98251,56.23111,1321990268.08153,249047.308187239,e96585f6-1c88-45cf-a77f-cb138be311c2
337,S12000048,Perth and Kinross, ,284302,744185,-3.88484,56.57528,5385251160.6488,483321.38091579,9c7d8b00-afd6-41c4-8d34-193b604b31fc
338,S12000049,Glasgow City, ,261534,667033,-4.21479,55.87649,178529603.406708,87927.9140961506,288f92e4-94b3-44ae-a2a2-97e3204419ac
339,S12000050,North Lanarkshire, ,277984,665608,-3.9514,55.86814,469803303.88121,138701.238003776,a73e11a1-b144-49d9-bcd1-cdea2c53d28e
340,W06000001,Isle of Anglesey,Ynys Môn,245217,378331,-4.32298,53.27931,708278765.306412,208578.871036605,7cb4b760-78b8-427f-a89c-942b2d6b49dc
341,W06000002,Gwynedd,Gwynedd,280555,334966,-3.77715,52.89883,2547846209.84693,430034.746948615,d959444d-fa17-4539-babb-02d20bc1e523
342,W06000003,Conwy,Conwy,283293,362563,-3.74646,53.14739,1136883056.90202,196007.394942366,cb06944f-2903-4f8f-ae60-3e63f4c136ea
343,W06000004,Denbighshire,Sir Ddinbych,309843,355416,-3.34761,53.08833,834278706.945213,188183.276326017,0f6b6271-79f6-41af-8cc6-aba1ce43b7e7
344,W06000005,Flintshire,Sir y Fflint,321134,369280,-3.18248,53.21471,435971753.232697,137105.721976934,e5b20ca5-86e2-4d8c-8911-4e65e523d459
345,W06000006,Wrexham,Wrecsam,333523,345387,-2.99203,53.00167,506869221.271835,155295.953544693,fffc69ac-3424-4caf-ab70-0eb5a8c37050
346,W06000008,Ceredigion,Ceredigion,267127,268437,-3.94993,52.29795,1782772431.68916,260666.015468797,a0926567-cae2-47eb-939a-4f6663bc5eaf
347,W06000009,Pembrokeshire,Sir Benfro,199821,221392,-4.90818,51.85513,1626517792.73048,372068.453862678,35597187-cf4c-4cc1-8c7c-849e3a3af4b3
348,W06000010,Carmarthenshire,Sir Gaerfyrddin,247955,224133,-4.21109,51.89495,2368434521.99245,317262.596619081,7d4d7ee4-f7a8-40e1-922c-403360a58141
349,W06000011,Swansea,Abertawe,264022,197308,-3.96723,51.65806,376289629.281559,153709.358353242,4ec75262-86f5-4757-9603-68bff6779a71
350,W06000012,Neath Port Talbot,Castell-nedd Port Talbot,279261,195412,-3.74638,51.6445,448029250.024529,121377.040648356,3fb21243-4d5f-4ab4-b6fa-d765e15e7893
351,W06000013,Bridgend,Pen-y-bont ar Ogwr,288231,185870,-3.61375,51.5606,249582321.202026,76696.219490079,57144f6a-cb25-4614-88a3-cb07704e2600
352,W06000014,Vale of Glamorgan,Bro Morgannwg,302947,173080,-3.39801,51.44836,330462530.24316,90397.3911821524,5dcd6f27-89f1-49a8-a12c-5e0f9dbf3fc6
353,W06000015,Cardiff,Caerdydd,315272,178887,-3.22209,51.50254,142291275.575809,60169.4971520259,aee88e81-7bc7-4c59-a704-4f5a7329df35
354,W06000016,Rhondda Cynon Taf,Rhondda Cynon Taf,302237,192395,-3.41359,51.62185,422367693.124981,112311.51707442,13f0a59d-91e9-4a00-922b-ce21d17568c9
355,W06000018,Caerphilly,Caerffili,317245,195259,-3.19753,51.65001,277812160.267925,98223.998043405,eb61937f-785a-4e69-bd00-141b1761473e
356,W06000019,Blaenau Gwent,Blaenau Gwent,318236,206771,-3.18592,51.75364,109273372.239006,58166.9529683021,211c0c33-ea74-47c1-a7d7-cd929110c183
357,W06000020,Torfaen,Torfaen,327459,200480,-3.05101,51.69836,125718310.474266,68470.4790201423,0cf05ad3-d5b4-4034-aef6-391a4f42fdb9
358,W06000021,Monmouthshire,Sir Fynwy,337812,209231,-2.9028,51.77827,855039406.477077,183155.563373825,46cfbd32-dcb3-4da1-a166-0f149baa4e24
359,W06000022,Newport,Casnewydd,337897,187432,-2.89769,51.58231,191835512.290451,87840.542999379,2d467913-8823-4be7-9178-ced94fc0673a
360,W06000023,Powys,Powys,302329,273254,-3.43531,52.34863,5199673437.26656,504284.660198897,1f185fde-3f8c-4e60-b45d-4fb0379a9a51
361,W06000024,Merthyr Tydfil,Merthyr Tudful,305916,206404,-3.36425,51.7484,113429663.904167,59176.4583326824,9925511b-44e7-4753-8da5-72e7e510b305
